{
  "day": 10,
  "key": "core_10_provision_pattern",
  "version": 1,
  "updated_at": "2026-02-17",
  "title": {
    "en": "A Pattern of Provision"
  },
  "intro": {
    "en": [
      "God’s rescue often involves a substitute.",
      "The story teaches us to look for how God provides."
    ]
  },
  "blocks": {
    "en": [
      {
        "type": "text",
        "marker": "pattern",
        "icon": "compare",
        "label": {
          "en": "Notice the Pattern"
        },
        "lines": [
          "A beloved son was bound, yet God provided another in his place.",
          "Life was spared because a substitute was given."
        ]
      },
      {
        "type": "text",
        "marker": "remember",
        "icon": "history",
        "label": {
          "en": "Hold This Theme"
        },
        "lines": [
          "As you continue, watch for sacrifice, rescue, and God’s provision."
        ]
      }
    ]
  },
  "question": {
    "en": "Where do you see ‘God provides’ becoming a theme in the Bible’s story?"
  },
  "further_reading": {
    "en": [
      "Genesis 22:13–14",
      "Hebrews 11:17–19"
    ]
  }
}