{
  "day": 18,
  "key": "core_18_child_promised",
  "version": 1,
  "updated_at": "2026-02-17",
  "title": {
    "en": "A Child and a King of Peace"
  },
  "intro": {
    "en": [
      "God promises a ruler who brings lasting peace.",
      "Hope is attached to a person, not an idea."
    ]
  },
  "blocks": {
    "en": [
      {
        "type": "text",
        "marker": "light",
        "icon": "light_mode",
        "label": {
          "en": "Light in Darkness"
        },
        "lines": [
          "Isaiah speaks to people living in fear and oppression.",
          "He promises light and joy from God."
        ]
      },
      {
        "type": "text",
        "marker": "king",
        "icon": "badge",
        "label": {
          "en": "A Coming Ruler"
        },
        "lines": [
          "A child will be born; authority will rest on him.",
          "His rule will bring justice and peace without end."
        ]
      }
    ]
  },
  "question": {
    "en": "Why might God choose to bring His rule through a child?"
  },
  "further_reading": {
    "en": [
      "Isaiah 9:2–7"
    ]
  }
}