{
  "day": 20,
  "key": "core_20_suffering_servant_2",
  "version": 1,
  "updated_at": "2026-02-17",
  "title": {
    "en": "Silent, Innocent, and Vindicated"
  },
  "intro": {
    "en": [
      "The servant does not defend himself.",
      "His suffering leads to life and righteousness for many."
    ]
  },
  "blocks": {
    "en": [
      {
        "type": "text",
        "marker": "silent",
        "icon": "voice",
        "label": {
          "en": "Like a Lamb"
        },
        "lines": [
          "He is led like a lamb to slaughter, yet he does not open his mouth."
        ]
      },
      {
        "type": "text",
        "marker": "justice",
        "icon": "balance",
        "label": {
          "en": "Not His Own Sin"
        },
        "lines": [
          "He is treated as guilty though he has done no violence."
        ]
      },
      {
        "type": "text",
        "marker": "victory",
        "icon": "stars",
        "label": {
          "en": "God’s Outcome"
        },
        "lines": [
          "After suffering, he will see light and be satisfied.",
          "Many will be counted righteous through him."
        ]
      }
    ]
  },
  "question": {
    "en": "How does this passage connect with earlier themes of sacrifice and atonement?"
  },
  "further_reading": {
    "en": [
      "Isaiah 53:7–12"
    ]
  }
}