{
  "day": 6,
  "key": "core_06_call_of_abraham",
  "version": 1,
  "updated_at": "2026-02-17",
  "title": {
    "en": "Abraham: Called to Bless the Nations"
  },
  "intro": {
    "en": [
      "God begins a rescue plan through a family.",
      "God’s aim is blessing for all peoples."
    ]
  },
  "blocks": {
    "en": [
      {
        "type": "text",
        "marker": "call",
        "icon": "alt_route",
        "label": {
          "en": "A New Direction"
        },
        "lines": [
          "God called Abram to leave home and follow Him.",
          "God promised to make him a great nation."
        ]
      },
      {
        "type": "text",
        "marker": "nations",
        "icon": "public",
        "label": {
          "en": "Blessing for the World"
        },
        "lines": [
          "God said that all families of the earth would be blessed through him."
        ]
      }
    ]
  },
  "question": {
    "en": "Why do you think God’s promise includes all nations from the beginning?"
  },
  "further_reading": {
    "en": [
      "Genesis 12:1–3"
    ]
  }
}