{
  "day": 7,
  "key": "core_07_covenant_promise",
  "version": 1,
  "updated_at": "2026-02-17",
  "title": {
    "en": "God Commits Himself to His Promise"
  },
  "intro": {
    "en": [
      "God’s promises do not rest on human strength.",
      "God binds Himself to what He says He will do."
    ]
  },
  "blocks": {
    "en": [
      {
        "type": "text",
        "marker": "fear",
        "icon": "help",
        "label": {
          "en": "Abram’s Questions"
        },
        "lines": [
          "Abram asked how he could know the promise would be fulfilled.",
          "God met his fear with reassurance."
        ]
      },
      {
        "type": "text",
        "marker": "covenant",
        "icon": "handshake",
        "label": {
          "en": "A Covenant Made"
        },
        "lines": [
          "God declared His covenant commitment.",
          "The promise was secured by God’s faithfulness."
        ]
      }
    ]
  },
  "question": {
    "en": "What difference does it make that God takes responsibility for keeping the promise?"
  },
  "further_reading": {
    "en": [
      "Genesis 15"
    ]
  }
}