{
  "day": 8,
  "key": "core_08_son_of_promise",
  "version": 1,
  "updated_at": "2026-02-17",
  "title": {
    "en": "The Promised Line Continues"
  },
  "intro": {
    "en": [
      "God specifies the line of promise.",
      "God’s plan moves forward despite human limitation."
    ]
  },
  "blocks": {
    "en": [
      {
        "type": "text",
        "marker": "name",
        "icon": "badge",
        "label": {
          "en": "A New Name, A Lasting Promise"
        },
        "lines": [
          "God renewed His covenant and gave Abram a new name: Abraham.",
          "God promised that Sarah would have a son."
        ]
      },
      {
        "type": "text",
        "marker": "future",
        "icon": "timeline",
        "label": {
          "en": "God’s Plan Has a Path"
        },
        "lines": [
          "The story is moving somewhere—not drifting."
        ]
      }
    ]
  },
  "question": {
    "en": "How does this passage show God’s patience and purpose?"
  },
  "further_reading": {
    "en": [
      "Genesis 17:15–19"
    ]
  }
}