{
  "day": 24,
  "key": "core_24_birth_announced",
  "version": 1,
  "updated_at": "2026-02-17",
  "title": {
    "en": "Jesus: The Birth Announced"
  },
  "intro": {
    "en": [
      "God’s promises move from ‘someday’ to ‘now.’",
      "Jesus’ birth is announced as God’s saving action."
    ]
  },
  "blocks": {
    "en": [
      {
        "type": "text",
        "marker": "announcement",
        "icon": "campaign",
        "label": {
          "en": "Good News Delivered"
        },
        "lines": [
          "An angel announced a son to Mary by God’s power."
        ]
      },
      {
        "type": "text",
        "marker": "kingdom",
        "icon": "emoji_events",
        "label": {
          "en": "A Throne and a Kingdom"
        },
        "lines": [
          "Jesus is announced as the promised king in David’s line."
        ]
      }
    ]
  },
  "question": {
    "en": "What do you notice about how Jesus is described from the beginning?"
  },
  "further_reading": {
    "en": [
      "Luke 1:26–38"
    ]
  }
}