{
  "day": 22,
  "key": "core_22_new_heart",
  "version": 1,
  "updated_at": "2026-02-17",
  "title": {
    "en": "A New Heart and God’s Spirit"
  },
  "intro": {
    "en": [
      "God promises inner transformation, not mere outward conformity.",
      "He promises His Spirit to help people walk in His ways."
    ]
  },
  "blocks": {
    "en": [
      {
        "type": "text",
        "marker": "clean",
        "icon": "water",
        "label": {
          "en": "Cleansed and Renewed"
        },
        "lines": [
          "God promises cleansing from impurity and idols."
        ]
      },
      {
        "type": "text",
        "marker": "heart",
        "icon": "favorite",
        "label": {
          "en": "A New Heart"
        },
        "lines": [
          "God promises a new heart and a new spirit within."
        ]
      },
      {
        "type": "text",
        "marker": "spirit",
        "icon": "emoji_people",
        "label": {
          "en": "God’s Spirit"
        },
        "lines": [
          "God promises to put His Spirit within His people."
        ]
      }
    ]
  },
  "question": {
    "en": "What is the difference between trying harder and receiving a new heart?"
  },
  "further_reading": {
    "en": [
      "Ezekiel 36:24–28"
    ]
  }
}