{
  "day": 27,
  "key": "day_27_isaiah_suffering_servant",
  "version": 1,
  "updated_at": "2026-02-15",
  "title": {
    "en": "The Prophet Isaiah Describes a Suffering Servant"
  },
  "intro": {
    "en": [
      "The prophet Isaiah also speaks of a servant who would suffer.",
      "He describes rejection, pain, and a purpose behind that suffering."
    ]
  },
  "blocks": {
    "en": [
      {
        "type": "text",
        "marker": "rejection",
        "icon": "person_off",
        "label": { "en": "Despised and Rejected" },
        "lines": [
          "He was despised and rejected by men,",
          "a man of sorrows,",
          "and familiar with suffering.",
          "Like one from whom men hide their faces",
          "he was despised,",
          "and we esteemed him not."
        ]
      },
      {
        "type": "text",
        "marker": "bearing",
        "icon": "healing",
        "label": { "en": "He Bore Our Sorrows" },
        "lines": [
          "Surely he took up our infirmities",
          "and carried our sorrows,",
          "yet we considered him stricken by God,",
          "smitten by him,",
          "and afflicted."
        ]
      },
      {
        "type": "text",
        "marker": "pierced",
        "icon": "healing",
        "label": { "en": "Pierced and Crushed" },
        "lines": [
          "But he was pierced for our transgressions,",
          "he was crushed for our iniquities;",
          "the punishment that brought us peace",
          "was upon him,",
          "and by his wounds",
          "we are healed."
        ]
      },
      {
        "type": "text",
        "marker": "sheep",
        "icon": "pets",
        "label": { "en": "Like Sheep Gone Astray" },
        "lines": [
          "We all, like sheep, have gone astray,",
          "each of us has turned to his own way;",
          "and the Lord has laid on him",
          "the iniquity of us all."
        ]
      },
      {
        "type": "text",
        "marker": "death",
        "icon": "public",
        "label": { "en": "Poured Out His Life" },
        "lines": [
          "Therefore I will give him a portion among the great,",
          "and he will divide the spoils with the strong,",
          "because he poured out his life unto death,",
          "and was numbered with the transgressors.",
          "For he bore the sin of many,",
          "and made intercession for the transgressors."
        ]
      }
    ],
    "question": {
      "en": "What do you notice about the purpose described for this servant’s suffering?"
    },
    "further_reading": {
      "en": ["Isaiah 52:13–53:12"]
    }
  }
}
