{
  "day": 55,
  "key": "day_55_division_after_lazarus",
  "version": 1,
  "updated_at": "2026-02-17",
  "title": {
    "en": "A Sign That Divided the People"
  },
  "intro": {
    "en": [
      "Many people witnessed what happened at the tomb.",
      "The raising of Lazarus forced a response."
    ]
  },
  "blocks": {
    "en": [
      {
        "type": "text",
        "marker": "belief",
        "icon": "thumb_up",
        "label": { "en": "Many Believed" },
        "lines": [
          "Many of the Jews who had come",
          "to visit Mary",
          "and had seen what Jesus did,",
          "put their faith in him."
        ]
      },
      {
        "type": "text",
        "marker": "report",
        "icon": "campaign",
        "label": { "en": "Others Reported Him" },
        "lines": [
          "But some of them went to the Pharisees",
          "and told them what Jesus had done."
        ]
      },
      {
        "type": "text",
        "marker": "council",
        "icon": "groups",
        "label": { "en": "The Leaders Decide" },
        "lines": [
          "The chief priests and the Pharisees",
          "called a meeting of the council.",
          "“What are we accomplishing?” they asked.",
          "“Here is this man performing many signs.",
          "If we let him go on like this,",
          "everyone will believe in him.”"
        ]
      },
      {
        "type": "text",
        "marker": "plot",
        "icon": "gavel",
        "label": { "en": "A Plan to Kill Him" },
        "lines": [
          "From that day on,",
          "they plotted to take his life.",
          "So Jesus no longer moved about publicly",
          "among the people."
        ]
      }
    ]
  },
  "question": {
    "en": "Why do you think the same miracle led some to believe and others to plan his death? What does this reveal about the human heart?"
  },
  "further_reading": {
    "en": ["John 11:45–54"]
  }
}
