{
  "day": 50,
  "key": "day_50_hard_teaching",
  "version": 1,
  "updated_at": "2026-02-15",
  "title": {
    "en": "A Hard Teaching"
  },
  "intro": {
    "en": [
      "After speaking about the bread from heaven,",
      "many began to question Jesus’ words."
    ]
  },
  "blocks": {
    "en": [
      {
        "type": "text",
        "marker": "grumbling",
        "icon": "question_mark",
        "label": { "en": "How Can He Say This?" },
        "lines": [
          "The people began to grumble because he said,",
          "“I am the bread that came down from heaven.”",
          "They said,",
          "“Is this not Jesus, the son of Joseph?",
          "How can he now say, ‘I came down from heaven’?”"
        ]
      },
      {
        "type": "text",
        "marker": "teaching",
        "icon": "menu_book",
        "label": { "en": "The Words I Have Spoken" },
        "lines": [
          "Jesus said,",
          "“No one can come to me",
          "unless the Father who sent me draws him.",
          "I tell you the truth,",
          "he who believes has everlasting life.",
          "I am the bread of life.",
          "If anyone eats of this bread,",
          "he will live forever.”"
        ]
      },
      {
        "type": "text",
        "marker": "offense",
        "icon": "warning",
        "label": { "en": "This Is a Hard Teaching" },
        "lines": [
          "On hearing this, many of his disciples said,",
          "“This is a hard teaching.",
          "Who can accept it?”",
          "From this time many turned back",
          "and no longer followed him."
        ]
      },
      {
        "type": "text",
        "marker": "decision",
        "icon": "groups",
        "label": { "en": "Will You Leave Too?" },
        "lines": [
          "Jesus asked the Twelve,",
          "“You do not want to leave too, do you?”",
          "Simon Peter answered,",
          "“Lord, to whom shall we go?",
          "You have the words of eternal life.",
          "We believe and know",
          "that you are the Holy One of God.”"
        ]
      }
    ]
  },
  "question": {
    "en": "Why do you think many people found this teaching difficult—and what do you notice about Peter’s response?"
  },
  "further_reading": {
    "en": ["John 6:41–69"]
  }
}
