{
  "day": 17,
  "key": "day_17_god_tests_abraham",
  "version": 1,
  "updated_at": "2026-02-15",
  "title": {
    "en": "God Tests Abraham"
  },
  "intro": {
    "en": [
      "Some time later, God tests Abraham in a way that stretches his faith.",
      "This moment becomes one of the most remembered events in his life."
    ]
  },
  "blocks": {
    "en": [
      {
        "type": "text",
        "marker": "command",
        "icon": "mountain",
        "label": { "en": "A Difficult Command" },
        "lines": [
          "Some time later God tested Abraham.",
          "He said to him, “Abraham!”",
          "“Here I am,” he replied.",
          "Then God said,",
          "“Take your son, your only son, Isaac, whom you love,",
          "and go to the region of Moriah.",
          "Sacrifice him there as a burnt offering",
          "on one of the mountains I will tell you about.”"
        ]
      },
      {
        "type": "text",
        "marker": "journey",
        "icon": "travel",
        "label": { "en": "The Journey" },
        "lines": [
          "Early the next morning Abraham got up and saddled his donkey.",
          "He took with him two of his servants and his son Isaac.",
          "When he had cut enough wood for the burnt offering,",
          "he set out for the place God had told him about.",
          "On the third day Abraham looked up",
          "and saw the place in the distance."
        ]
      },
      {
        "type": "text",
        "marker": "faith",
        "icon": "dialogue",
        "label": { "en": "Father and Son" },
        "lines": [
          "Isaac spoke up and said to his father Abraham,",
          "“Father?”",
          "“Yes, my son?” Abraham replied.",
          "“The fire and wood are here,” Isaac said,",
          "“but where is the lamb for the burnt offering?”",
          "Abraham answered,",
          "“God himself will provide the lamb for the burnt offering, my son.”"
        ]
      },
      {
        "type": "text",
        "marker": "intervention",
        "icon": "voice",
        "label": { "en": "Do Not Lay a Hand on the Boy" },
        "lines": [
          "Abraham built an altar there and arranged the wood on it.",
          "He bound his son Isaac and laid him on the altar.",
          "Then he reached out his hand and took the knife.",
          "But the angel of the Lord called out from heaven,",
          "“Abraham! Abraham!”",
          "“Here I am,” he replied.",
          "“Do not lay a hand on the boy,” he said.",
          "“Now I know that you fear God,",
          "because you have not withheld from me your son.”"
        ]
      }
    ]
  },
  "question": {
    "en": "What do you notice about Abraham’s response, Isaac’s question, and God’s intervention in this test?"
  },
  "further_reading": {
    "en": ["Genesis 22:1–12"]
  }
}
