{
  "day": 3,
  "key": "day_3_companionship",
  "version": 1,
  "updated_at": "2026-02-01",
  "title": {
    "en": "God Creates Human Companionship"
  },
  "intro": {
    "en": [
      "God knows that human beings are not meant to live alone.",
      "He creates companionship so that life is shared, supported, and complete."
    ]
  },
  "blocks": {
    "en": [
      {
        "type": "text",
        "marker": "need",
        "icon": "person_search",
        "label": { "en": "A Recognized Need" },
        "lines": [
          "The Lord God said,",
          "“It is not good for the man to be alone.",
          "I will make a helper suitable for him.”"
        ]
      },
      {
        "type": "text",
        "marker": "creation",
        "icon": "bedtime",
        "label": { "en": "God Creates the Woman" },
        "lines": [
          "The Lord God caused the man to fall into a deep sleep.",
          "While he slept,",
          "God took one of the man’s ribs",
          "and closed the place with flesh.",
          "From the rib He had taken,",
          "the Lord God made a woman",
          "and brought her to the man."
        ]
      },
      {
        "type": "text",
        "marker": "recognition",
        "icon": "favorite",
        "label": { "en": "Recognition and Joy" },
        "lines": [
          "The man said,",
          "“This is now bone of my bones",
          "and flesh of my flesh.",
          "She shall be called woman,",
          "for she was taken out of man.”"
        ]
      },
      {
        "type": "text",
        "marker": "unity",
        "icon": "diversity_3",
        "label": { "en": "Unity Without Shame" },
        "lines": [
          "For this reason,",
          "a man will leave his father and mother",
          "and be united to his wife,",
          "and they will become one flesh.",
          "The man and his wife were both naked,",
          "and they felt no shame."
        ]
      }
    ]
  },
  "question": {
    "en": "What does this passage show about how God intends human beings to live together?"
  },
  "further_reading": {
    "en": ["Genesis 2:18–25"]
  }
}
