{
  "day": 42,
  "key": "day_42_on_the_mountain",
  "version": 1,
  "updated_at": "2026-02-15",
  "title": {
    "en": "On the Mountain"
  },
  "intro": {
    "en": [
      "Jesus took three of his disciples up a high mountain.",
      "There they witnessed something unexpected."
    ]
  },
  "blocks": {
    "en": [
      {
        "type": "text",
        "marker": "transfiguration",
        "icon": "wb_sunny",
        "label": { "en": "His Appearance Changed" },
        "lines": [
          "Jesus took Peter, James and John",
          "and led them up a high mountain by themselves.",
          "There he was transfigured before them.",
          "His face shone like the sun,",
          "and his clothes became as white as the light."
        ]
      },
      {
        "type": "text",
        "marker": "prophets",
        "icon": "menu_book",
        "label": { "en": "Moses and Elijah" },
        "lines": [
          "Moses and Elijah appeared,",
          "talking with Jesus.",
          "Peter said,",
          "“Lord, it is good for us to be here.",
          "If you wish, I will put up three shelters—",
          "one for you,",
          "one for Moses,",
          "and one for Elijah.”"
        ]
      },
      {
        "type": "text",
        "marker": "voice",
        "icon": "record_voice_over",
        "label": { "en": "A Voice from the Cloud" },
        "lines": [
          "While he was still speaking,",
          "a bright cloud enveloped them,",
          "and a voice from the cloud said:",
          "“This is my Son, whom I love;",
          "with him I am well pleased.",
          "Listen to him!”"
        ]
      },
      {
        "type": "text",
        "marker": "fear",
        "icon": "warning",
        "label": { "en": "Do Not Be Afraid" },
        "lines": [
          "When the disciples heard this,",
          "they fell face down to the ground, terrified.",
          "But Jesus came and touched them.",
          "“Get up,” he said.",
          "“Do not be afraid.”",
          "When they looked up,",
          "they saw no one except Jesus."
        ]
      },
      {
        "type": "text",
        "marker": "instruction",
        "icon": "schedule",
        "label": { "en": "Until He Is Raised" },
        "lines": [
          "As they were coming down the mountain,",
          "Jesus instructed them:",
          "“Do not tell anyone what you have seen,",
          "until the Son of Man has been raised from the dead.”"
        ]
      }
    ]
  },
  "question": {
    "en": "What stands out to you about what the disciples see—and about the voice they hear?"
  },
  "further_reading": {
    "en": ["Matthew 17:1–9"]
  }
}
