{
  "day": 18,
  "key": "day_18_god_provides_substitute",
  "version": 1,
  "updated_at": "2026-02-15",
  "title": {
    "en": "God Provides a Substitute"
  },
  "intro": {
    "en": [
      "At the moment of greatest tension, Abraham looks up.",
      "What he sees changes the outcome of the test."
    ]
  },
  "blocks": {
    "en": [
      {
        "type": "text",
        "marker": "provision",
        "icon": "visibility",
        "label": { "en": "A Ram in the Thicket" },
        "lines": [
          "Abraham looked up and there in a thicket",
          "he saw a ram caught by its horns.",
          "He went over and took the ram",
          "and sacrificed it as a burnt offering",
          "instead of his son."
        ]
      },
      {
        "type": "text",
        "marker": "name",
        "icon": "place",
        "label": { "en": "The Lord Will Provide" },
        "lines": [
          "So Abraham called that place",
          "The Lord Will Provide.",
          "And to this day it is said,",
          "“On the mountain of the Lord",
          "it will be provided.”"
        ]
      },
      {
        "type": "text",
        "marker": "oath",
        "icon": "verified",
        "label": { "en": "A Renewed Promise" },
        "lines": [
          "The angel of the Lord called to Abraham from heaven a second time and said,",
          "“I swear by myself, declares the Lord,",
          "that because you have done this",
          "and have not withheld your son,",
          "I will surely bless you",
          "and make your descendants",
          "as numerous as the stars in the sky",
          "and as the sand on the seashore.",
          "Your descendants will take possession of the cities of their enemies,",
          "and through your offspring",
          "all nations on earth will be blessed,",
          "because you have obeyed me.”"
        ]
      }
    ]
  },
  "question": {
    "en": "What do you notice about provision, obedience, and blessing in this passage?"
  },
  "further_reading": {
    "en": [
      "Genesis 22:13–18",
      "Genesis 12:1–3",
      "Genesis 15:5–6",
      "Genesis 17:1–8"
    ]
  }
}
