{
  "day": 29,
  "key": "day_29_david_anointed_king_forever",
  "version": 1,
  "updated_at": "2026-02-15",
  "title": {
    "en": "David Speaks of the Anointed King"
  },
  "intro": {
    "en": [
      "King David writes about the Lord’s Anointed One.",
      "He describes opposition, divine authority, and an enduring throne."
    ]
  },
  "blocks": {
    "en": [
      {
        "type": "text",
        "marker": "opposition",
        "icon": "groups",
        "label": { "en": "Nations Conspire" },
        "lines": [
          "Why do the nations conspire",
          "and the peoples plot in vain?",
          "The kings of the earth take their stand",
          "and the rulers gather together",
          "against the Lord",
          "and against his Anointed One."
        ]
      },
      {
        "type": "text",
        "marker": "installation",
        "icon": "public",
        "label": { "en": "I Have Installed My King" },
        "lines": [
          "The One enthroned in heaven laughs;",
          "the Lord scoffs at them.",
          "Then he rebukes them in his anger and says:",
          "“I have installed my King",
          "on my holy hill.”"
        ]
      },
      {
        "type": "text",
        "marker": "forever",
        "icon": "wb_sunny",
        "label": { "en": "A Throne That Endures" },
        "lines": [
          "“Once for all, I have sworn by my holiness—",
          "and I will not lie to David—",
          "that his line will continue forever",
          "and his throne endure before me like the sun.”"
        ]
      }
    ]
  },
  "question": {
    "en": "What do you notice about the Lord’s Anointed One—and the promise of an enduring throne?"
  },
  "further_reading": {
    "en": [
      "Psalm 2:1–6",
      "Psalm 89:34–37"
    ]
  }
}
