{
  "day": 49,
  "key": "day_49_bread_from_heaven",
  "version": 1,
  "updated_at": "2026-02-15",
  "title": {
    "en": "The Bread from Heaven"
  },
  "intro": {
    "en": [
      "After feeding the crowd, Jesus continued speaking to them.",
      "They began asking him questions about signs and about bread."
    ]
  },
  "blocks": {
    "en": [
      {
        "type": "text",
        "marker": "motives",
        "icon": "help",
        "label": { "en": "Why Are You Looking for Me?" },
        "lines": [
          "Jesus said,",
          "“You are looking for me,",
          "not because you saw miraculous signs,",
          "but because you ate the loaves and had your fill.",
          "Do not work for food that spoils,",
          "but for food that endures to eternal life,",
          "which the Son of Man will give you.",
          "On him God the Father has placed his seal.”"
        ]
      },
      {
        "type": "text",
        "marker": "belief",
        "icon": "verified",
        "label": { "en": "The Work of God" },
        "lines": [
          "They asked him,",
          "“What must we do to do the works God requires?”",
          "Jesus answered,",
          "“The work of God is this:",
          "to believe in the one he has sent.”"
        ]
      },
      {
        "type": "text",
        "marker": "manna",
        "icon": "restaurant",
        "label": { "en": "Bread from Heaven" },
        "lines": [
          "They said,",
          "“Our forefathers ate the manna in the desert.”",
          "Jesus said,",
          "“It is not Moses who has given you the bread from heaven,",
          "but my Father gives you the true bread from heaven.",
          "For the bread of God is he who comes down from heaven",
          "and gives life to the world.”"
        ]
      },
      {
        "type": "text",
        "marker": "declaration",
        "icon": "record_voice_over",
        "label": { "en": "I Am the Bread of Life" },
        "lines": [
          "Then Jesus declared,",
          "“I am the bread of life.",
          "He who comes to me will never go hungry,",
          "and he who believes in me will never be thirsty.”"
        ]
      }
    ]
  },
  "question": {
    "en": "What do you think Jesus means when he speaks about bread that gives eternal life?"
  },
  "further_reading": {
    "en": ["John 6:22–35"]
  }
}
