{
  "day": 19,
  "key": "day_19_from_abraham_to_moses",
  "version": 1,
  "updated_at": "2026-02-15",
  "title": {
    "en": "From Abraham to Moses"
  },
  "intro": {
    "en": [
      "The promise to Abraham continues through the next generations.",
      "Through Isaac and Jacob, the story moves toward Egypt."
    ]
  },
  "blocks": {
    "en": [
      {
        "type": "text",
        "marker": "lineage",
        "icon": "timeline",
        "label": { "en": "The Line Continues" },
        "lines": [
          "Abraham was the father of Isaac.",
          "Isaac was the father of Jacob.",
          "Jacob became the forefather of Moses."
        ]
      },
      {
        "type": "text",
        "marker": "vision",
        "icon": "night",
        "label": { "en": "God Speaks to Jacob" },
        "lines": [
          "God spoke to Israel in a vision at night and said,",
          "“Jacob! Jacob!”",
          "“Here I am,” he replied.",
          "“I am God, the God of your father,” he said.",
          "“Do not be afraid to go down to Egypt,",
          "for I will make you into a great nation there.”"
        ]
      }
    ]
  },
  "question": {
    "en": "What do you notice about how God continues His promise across generations and locations?"
  },
  "further_reading": {
    "en": ["Genesis 21:1–3", "Genesis 25:19–26", "Genesis 46:1–4"]
  }
}
