{
  "day": 9,
  "key": "day_9_line_of_descendants",
  "version": 1,
  "updated_at": "2026-02-01",
  "title": {
    "en": "From Adam Comes a Special Line of Descendants"
  },
  "intro": {
    "en": [
      "From Adam comes a continuing line of descendants.",
      "Through this line, God preserves knowledge of Himself and raises up many prophets."
    ]
  },
  "blocks": {
    "en": [
      {
        "type": "text",
        "marker": "lineage",
        "icon": "timeline",
        "label": { "en": "A Line from Adam" },
        "lines": [
          "Adam was the father of Seth,",
          "Seth the father of Enosh,",
          "Enosh the father of Kenan,",
          "Kenan the father of Mahalalel,",
          "Mahalalel the father of Jared."
        ]
      },
      {
        "type": "text",
        "marker": "faithful",
        "icon": "emoji_people",
        "label": { "en": "A Faithful Descendant" },
        "lines": [
          "Jared was the father of Enoch,",
          "and Enoch walked faithfully with God."
        ]
      },
      {
        "type": "text",
        "marker": "continuation",
        "icon": "arrow_forward",
        "label": { "en": "The Line Continues" },
        "lines": [
          "Enoch was the father of Methuselah,",
          "Methuselah the father of Lamech,",
          "and Lamech the father of Noah."
        ]
      }
    ]
  },
  "question": {
    "en": "What do you notice about the importance of family lines and continuity in this passage?"
  },
  "further_reading": {
    "en": ["Genesis 5:1–29"]
  }
}
