{
  "day": 6,
  "key": "day_6_judgement_on_serpent",
  "version": 1,
  "updated_at": "2026-02-01",
  "title": {
    "en": "God’s Judgement on the Serpent"
  },
  "intro": {
    "en": [
      "God responds to deception and rebellion with judgement.",
      "This passage shows the consequences placed on the serpent and the beginning of conflict between good and evil."
    ]
  },
  "blocks": {
    "en": [
      {
        "type": "text",
        "marker": "judgement",
        "icon": "gavel",
        "label": { "en": "God Speaks Judgment" },
        "lines": [
          "So the Lord God said to the serpent,",
          "“Because you have done this,",
          "cursed are you above all the livestock",
          "and all the wild animals.",
          "You will crawl on your belly",
          "and you will eat dust",
          "all the days of your life.”"
        ]
      },
      {
        "type": "text",
        "marker": "conflict",
        "icon": "swap_vert",
        "label": { "en": "Ongoing Conflict" },
        "lines": [
          "“I will put enmity",
          "between you and the woman,",
          "and between your offspring and hers;",
          "he will crush your head,",
          "and you will strike his heel.”"
        ]
      }
    ]
  },
  "question": {
    "en": "What do you notice about the way God describes judgement and ongoing conflict in this passage?"
  },
  "further_reading": {
    "en": ["Genesis 3:14–15"]
  }
}
