{
  "day": 35,
  "key": "day_35_preparing_the_way",
  "version": 1,
  "updated_at": "2026-02-15",
  "title": {
    "en": "Preparing the Way"
  },
  "intro": {
    "en": [
      "Before Jesus began his public ministry, a prophet appeared in the desert.",
      "He called the people to prepare themselves."
    ]
  },
  "blocks": {
    "en": [
      {
        "type": "text",
        "marker": "john",
        "icon": "record_voice_over",
        "label": { "en": "John in the Desert" },
        "lines": [
          "In those days John the Baptist came,",
          "preaching in the Desert of Judea and saying,",
          "“Repent, for the kingdom of heaven is near.”",
          "This is he who was spoken of through the prophet Isaiah:",
          "“A voice of one calling in the desert,",
          "‘Prepare the way for the Lord,",
          "make straight paths for him.’”"
        ]
      },
      {
        "type": "text",
        "marker": "lamb",
        "icon": "pets",
        "label": { "en": "Look, the Lamb of God" },
        "lines": [
          "The next day John saw Jesus coming toward him and said,",
          "“Look, the Lamb of God,",
          "who takes away the sin of the world!”"
        ]
      },
      {
        "type": "text",
        "marker": "beginning",
        "icon": "schedule",
        "label": { "en": "The Beginning of Ministry" },
        "lines": [
          "Jesus went and lived in a town called Nazareth.",
          "He grew in wisdom and stature,",
          "and in favor with God and men.",
          "Now Jesus himself was about thirty years old",
          "when he began his ministry."
        ]
      }
    ]
  },
  "question": {
    "en": "What do you notice about how John describes Jesus—and how this moment connects with what the prophets said earlier?"
  },
  "further_reading": {
    "en": ["Matthew 3:1–3", "John 1:29", "Luke 2:39–40", "Luke 3:23"]
  }
}
