{
  "day": 30,
  "key": "day_30_line_to_jesus_messiah",
  "version": 1,
  "updated_at": "2026-02-15",
  "title": {
    "en": "From King David to Jesus, Called the Messiah"
  },
  "intro": {
    "en": [
      "The line from Abraham continued through King David and many generations.",
      "The genealogy leads to Joseph, the husband of Mary."
    ]
  },
  "blocks": {
    "en": [
      {
        "type": "text",
        "marker": "lineage",
        "icon": "timeline",
        "label": { "en": "From David Through the Generations" },
        "lines": [
          "King David was the father of Solomon.",
          "Solomon was the father of Rehoboam.",
          "Rehoboam was the father of Abijah.",
          "Abijah was the father of Asa.",
          "Asa was the father of Jehoshaphat.",
          "Jehoshaphat was the father of Jehoram.",
          "Jehoram was the father of Uzziah.",
          "Uzziah was the father of Jotham.",
          "Jotham was the father of Ahaz.",
          "Ahaz was the father of Hezekiah.",
          "Hezekiah was the father of Manasseh.",
          "Manasseh was the father of Amon.",
          "Amon was the father of Josiah.",
          "Josiah was the father of Jeconiah.",
          "Jeconiah was the father of Shealtiel.",
          "Shealtiel was the father of Zerubbabel.",
          "Zerubbabel was the father of Abiud.",
          "Abiud was the father of Eliakim.",
          "Eliakim was the father of Azor.",
          "Azor was the father of Zadok.",
          "Zadok was the father of Akim.",
          "Akim was the father of Eliud.",
          "Eliud was the father of Eleazar.",
          "Eleazar was the father of Matthan.",
          "Matthan was the father of Jacob.",
          "Jacob was the father of Joseph,",
          "the husband of Mary,",
          "of whom was born Jesus,",
          "who is called the Messiah."
        ]
      }
    ]
  },
  "question": {
    "en": "What do you notice about where this long line of generations leads?"
  },
  "further_reading": {
    "en": ["Matthew 1:1–16"]
  }
}
