{
  "day": 14,
  "key": "day_14_birth_of_ishmael",
  "version": 1,
  "updated_at": "2026-02-15",
  "title": {
    "en": "The Birth of Ishmael"
  },
  "intro": {
    "en": [
      "God had promised Abraham a son, but years passed without a child.",
      "Sarai and Abram try to solve the problem in their own way. Yet God still sees and speaks."
    ]
  },
  "blocks": {
    "en": [
      {
        "type": "text",
        "marker": "waiting",
        "icon": "hourglass",
        "label": { "en": "Still No Child" },
        "lines": [
          "Now Sarai, Abram’s wife, had borne him no children.",
          "But she had an Egyptian maidservant named Hagar.",
          "So she said to Abram,",
          "“The Lord has kept me from having children.",
          "Go, sleep with my maidservant;",
          "perhaps I can build a family through her.”",
          "Abram agreed to what Sarai said."
        ]
      },
      {
        "type": "text",
        "marker": "conception",
        "icon": "family",
        "label": { "en": "Hagar Conceives" },
        "lines": ["He slept with Hagar,", "and she conceived."]
      },
      {
        "type": "text",
        "marker": "divine_message",
        "icon": "message",
        "label": { "en": "God Speaks to Hagar" },
        "lines": [
          "The angel of the Lord said to her:",
          "“You are now with child",
          "and you will have a son.",
          "You shall name him Ishmael.”"
        ]
      },
      {
        "type": "text",
        "marker": "promise",
        "icon": "stars",
        "label": { "en": "A Great Nation" },
        "lines": [
          "“He will be the father of twelve rulers,",
          "and I will make him",
          "into a great nation.”"
        ]
      }
    ]
  },
  "question": {
    "en": "What do you notice about human plans and God’s continued care and promise in this story?"
  },
  "further_reading": {
    "en": ["Genesis 16:1–12"]
  }
}
