{
  "day": 26,
  "key": "day_26_isaiah_foresees_messiah",
  "version": 1,
  "updated_at": "2026-02-15",
  "title": {
    "en": "The Prophet Isaiah Speaks of a Coming Child"
  },
  "intro": {
    "en": [
      "Centuries after King David, the prophet Isaiah speaks to a troubled nation.",
      "He describes a child who will be given as a sign and whose rule will bring peace."
    ]
  },
  "blocks": {
    "en": [
      {
        "type": "text",
        "marker": "sign",
        "icon": "lightbulb",
        "label": { "en": "A Sign Given" },
        "lines": [
          "Therefore the Lord himself will give you a sign:",
          "The virgin will be with child",
          "and will give birth to a son,",
          "and will call him Immanuel."
        ]
      },
      {
        "type": "text",
        "marker": "child",
        "icon": "child_care",
        "label": { "en": "A Son Is Given" },
        "lines": [
          "For to us a child is born,",
          "to us a son is given,",
          "and the government will be on his shoulders."
        ]
      },
      {
        "type": "text",
        "marker": "titles",
        "icon": "badge",
        "label": { "en": "Names Described" },
        "lines": [
          "And he will be called",
          "Wonderful Counselor,",
          "Mighty God,",
          "Everlasting Father,",
          "Prince of Peace."
        ]
      },
      {
        "type": "text",
        "marker": "peace",
        "icon": "public",
        "label": { "en": "An Endless Peace" },
        "lines": [
          "Of the increase of his government and peace",
          "there will be no end."
        ]
      }
    ]
  },
  "question": {
    "en": "What stands out to you about the child described here—and the names that are given to him?"
  },
  "further_reading": {
    "en": ["Isaiah 7:14", "Isaiah 9:6–7"]
  }
}
