{
  "day": 21,
  "key": "day_21_passover_instructions",
  "version": 1,
  "updated_at": "2026-02-15",
  "title": {
    "en": "God Provides a Way of Protection"
  },
  "intro": {
    "en": [
      "God tells Moses that one final plague is coming—and that Pharaoh will finally release the Israelites.",
      "Moses gives the people instructions for a night they will never forget."
    ]
  },
  "blocks": {
    "en": [
      {
        "type": "text",
        "marker": "warning",
        "icon": "warning",
        "label": { "en": "One More Plague" },
        "lines": [
          "Now the Lord had said to Moses,",
          "“I will bring one more plague on Pharaoh and on Egypt.",
          "After that, he will let you go from here,",
          "and when he does,",
          "he will drive you out completely.”"
        ]
      },
      {
        "type": "text",
        "marker": "instruction",
        "icon": "list",
        "label": { "en": "Instructions for the Night" },
        "lines": [
          "Then Moses summoned all the elders of Israel and said to them,",
          "“Go at once and select the animals for your families",
          "and slaughter the Passover lamb.",
          "Take a bunch of hyssop,",
          "dip it into the blood in the basin",
          "and put some of the blood",
          "on the top and on both sides of the doorframe.",
          "Not one of you shall go out the door of his house until morning.”"
        ]
      },
      {
        "type": "text",
        "marker": "protection",
        "icon": "shield",
        "label": { "en": "The Lord Will Pass Over" },
        "lines": [
          "“When the Lord goes through the land to strike down the Egyptians,",
          "he will see the blood on the top and sides of the doorframe",
          "and will pass over that doorway,",
          "and he will not permit the destroyer",
          "to enter your houses and strike you down.”"
        ]
      }
    ]
  },
  "question": {
    "en": "What do you notice about warning, obedience, and protection in these instructions?"
  },
  "further_reading": {
    "en": ["Exodus 11:1", "Exodus 12:21–23"]
  }
}
