{
  "day": 40,
  "key": "day_40_jesus_calms_storm",
  "version": 1,
  "updated_at": "2026-02-15",
  "title": {
    "en": "Jesus Calms the Storm"
  },
  "intro": {
    "en": [
      "One day Jesus and his disciples crossed the lake.",
      "A sudden storm placed them in danger."
    ]
  },
  "blocks": {
    "en": [
      {
        "type": "text",
        "marker": "storm",
        "icon": "sailing",
        "label": { "en": "A Sudden Squall" },
        "lines": [
          "Jesus said to his disciples,",
          "“Let us go over to the other side of the lake.”",
          "So they got into a boat and set out.",
          "As they sailed, he fell asleep.",
          "A squall came down on the lake,",
          "so that the boat was being swamped,",
          "and they were in great danger."
        ]
      },
      {
        "type": "text",
        "marker": "fear",
        "icon": "warning",
        "label": { "en": "We Are Going to Drown" },
        "lines": [
          "The disciples went and woke him, saying,",
          "“Master, Master, we are going to drown!”"
        ]
      },
      {
        "type": "text",
        "marker": "command",
        "icon": "campaign",
        "label": { "en": "He Rebuked the Wind" },
        "lines": [
          "He got up and rebuked the wind",
          "and the raging waters;",
          "the storm subsided,",
          "and all was calm.",
          "“Where is your faith?” he asked his disciples."
        ]
      },
      {
        "type": "text",
        "marker": "question",
        "icon": "help",
        "label": { "en": "Who Is This?" },
        "lines": [
          "In fear and amazement they asked one another,",
          "“Who is this?",
          "He commands even the winds and the water,",
          "and they obey him.”"
        ]
      }
    ]
  },
  "question": {
    "en": "Why do you think the disciples ask, 'Who is this?'—and what leads them to that question?"
  },
  "further_reading": {
    "en": ["Luke 8:22–25"]
  }
}
