{
  "day": 53,
  "key": "day_53_lazarus_dies",
  "version": 1,
  "updated_at": "2026-02-17",
  "title": {
    "en": "A Friend of Jesus the Messiah Dies"
  },
  "intro": {
    "en": [
      "A close friend of Jesus became seriously ill.",
      "The sisters sent an urgent message.",
      "But Jesus did not come immediately."
    ]
  },
  "blocks": {
    "en": [
      {
        "type": "text",
        "marker": "sickness",
        "icon": "healing",
        "label": { "en": "The One You Love Is Sick" },
        "lines": [
          "Now a man named Lazarus was sick.",
          "He was from Bethany,",
          "the village of Mary and her sister Martha.",
          "So the sisters sent word to Jesus,",
          "“Lord, the one you love is sick.”"
        ]
      },
      {
        "type": "text",
        "marker": "glory",
        "icon": "auto_awesome",
        "label": { "en": "For God’s Glory" },
        "lines": [
          "When Jesus heard this, he said,",
          "“This sickness will not end in death.",
          "No, it is for God’s glory",
          "so that God’s Son may be glorified through it.”",
          "Jesus loved Martha and her sister and Lazarus.",
          "Yet he stayed where he was two more days."
        ]
      },
      {
        "type": "text",
        "marker": "death",
        "icon": "schedule",
        "label": { "en": "Lazarus Is Dead" },
        "lines": [
          "Then Jesus told his disciples plainly,",
          "“Lazarus is dead,",
          "and for your sake I am glad I was not there,",
          "so that you may believe.",
          "But let us go to him.”"
        ]
      }
    ]
  },
  "question": {
    "en": "Why do you think Jesus delayed, even though he loved Lazarus? What might he mean by saying this was for God’s glory?"
  },
  "further_reading": {
    "en": ["John 11:1–16"]
  }
}
