{
  "day": 11,
  "key": "day_11_line_to_abraham",
  "version": 1,
  "updated_at": "2026-02-15",
  "title": {
    "en": "From Noah to Abraham"
  },
  "intro": {
    "en": [
      "After the flood, God’s story continues through families and generations.",
      "This line of descendants leads from Noah to Abram (later called Abraham and known as Ibrahim in Arabic)."
    ]
  },
  "blocks": {
    "en": [
      {
        "type": "text",
        "marker": "generations",
        "icon": "timeline",
        "label": { "en": "A Line Through the Generations" },
        "lines": [
          "Noah was the father of Shem.",
          "Shem was the father of Arphaxad.",
          "Arphaxad was the father of Shelah.",
          "Shelah was the father of Eber.",
          "Eber was the father of Peleg.",
          "Peleg was the father of Reu.",
          "Reu was the father of Serug.",
          "Serug was the father of Nahor.",
          "Nahor was the father of Terah.",
          "Terah was the father of Abram."
        ]
      },
      {
        "type": "text",
        "marker": "purpose",
        "icon": "compass",
        "label": { "en": "God Works Over Time" },
        "lines": [
          "These names show that God is not only working in one moment.",
          "He is guiding history across many years.",
          "What God begins, He continues."
        ]
      }
    ]
  },
  "question": {
    "en": "What stands out to you about God’s work across generations—and why might this lead into a new step in the story?"
  },
  "further_reading": {
    "en": ["Genesis 11:10–26"]
  }
}
