{
  "day": 22,
  "key": "day_22_final_plague_and_release",
  "version": 1,
  "updated_at": "2026-02-15",
  "title": {
    "en": "The Final Plague and Release"
  },
  "intro": {
    "en": [
      "That night, what God had warned about happened.",
      "In grief and fear, Pharaoh finally tells the Israelites to leave."
    ]
  },
  "blocks": {
    "en": [
      {
        "type": "text",
        "marker": "judgment",
        "icon": "night",
        "label": { "en": "At Midnight" },
        "lines": [
          "At midnight the Lord struck down all the firstborn in Egypt,",
          "from the firstborn of Pharaoh, who sat on the throne,",
          "to the firstborn of the prisoner, who was in the dungeon,",
          "and the firstborn of all the livestock as well."
        ]
      },
      {
        "type": "text",
        "marker": "grief",
        "icon": "volume_up",
        "label": { "en": "Loud Wailing" },
        "lines": [
          "Pharaoh and all his officials and all the Egyptians got up during the night,",
          "and there was loud wailing in Egypt,",
          "for there was not a house without someone dead."
        ]
      },
      {
        "type": "text",
        "marker": "release",
        "icon": "door_open",
        "label": { "en": "Leave My People" },
        "lines": [
          "During the night Pharaoh summoned Moses and Aaron and said,",
          "“Up! Leave my people, you and the Israelites!",
          "Go, worship the Lord as you have requested.”"
        ]
      }
    ]
  },
  "question": {
    "en": "What do you notice about the seriousness of this night—and what finally changes Pharaoh’s response?"
  },
  "further_reading": {
    "en": ["Exodus 12:29–32"]
  }
}
