{
  "day": 1,
  "key": "day_1_world_formed",
  "version": 1,
  "updated_at": "2026-02-01",
  "title": {
    "en": "God Speaks and the World Is Formed"
  },
  "intro": {
    "en": [
      "God creates the world not through struggle, but through His word.",
      "Everything begins because God speaks, and what He commands comes into being."
    ]
  },
  "blocks": {
    "en": [
      {
        "type": "text",
        "marker": "beginning",
        "icon": "public",
        "label": { "en": "In the Beginning" },
        "lines": [
          "In the beginning, God created the heavens and the earth.",
          "The earth was without form and empty,",
          "and darkness covered the deep.",
          "The Spirit of God was moving over the waters."
        ]
      },
      {
        "type": "text",
        "marker": "word",
        "icon": "record_voice_over",
        "label": { "en": "God Creates by His Word" },
        "lines": [
          "The Prophet David said:",
          "“By the word of the Lord the heavens were made,",
          "and by the breath of His mouth all their host.",
          "He spoke, and it came to be;",
          "He commanded, and it stood firm.”"
        ]
      },
      {
        "type": "text",
        "marker": "land_sea",
        "icon": "water",
        "label": { "en": "Land and Sea" },
        "lines": [
          "God said,",
          "“Let the waters be gathered together,",
          "and let dry land appear.”",
          "And it was so."
        ]
      },
      {
        "type": "text",
        "marker": "plants",
        "icon": "park",
        "label": { "en": "Plants and Trees" },
        "lines": [
          "God said,",
          "“Let the land produce plants and trees,",
          "each bearing seed according to its kind.”",
          "And it was so."
        ]
      },
      {
        "type": "text",
        "marker": "creatures",
        "icon": "pets",
        "label": { "en": "Living Creatures" },
        "lines": [
          "God said,",
          "“Let the land bring forth living creatures,",
          "each according to its kind.”",
          "And God saw that it was good."
        ]
      },
      {
        "type": "text",
        "marker": "life",
        "icon": "person",
        "label": { "en": "Human Life" },
        "lines": [
          "Then God said,",
          "“Let us make the human being in Our image.”",
          "The Lord formed the man from the dust of the ground",
          "and breathed into his nostrils the breath of life,",
          "and the man became a living being."
        ]
      }
    ]
  },
  "question": {
    "en": "What do you notice about the way God creates and gives life in this passage?"
  },
  "further_reading": {
    "en": ["Genesis 1:1–27", "Psalm 33:6–9"]
  }
}
