{
  "day": 48,
  "key": "day_48_feeding_four_thousand",
  "version": 1,
  "updated_at": "2026-02-15",
  "title": {
    "en": "Jesus Feeds the Crowd"
  },
  "intro": {
    "en": [
      "A large crowd gathered around Jesus in a remote place.",
      "They had nothing to eat."
    ]
  },
  "blocks": {
    "en": [
      {
        "type": "text",
        "marker": "compassion",
        "icon": "favorite",
        "label": { "en": "I Have Compassion" },
        "lines": [
          "Jesus called his disciples and said,",
          "“I have compassion for these people;",
          "they have already been with me three days",
          "and have nothing to eat.",
          "If I send them home hungry,",
          "they will collapse on the way.”"
        ]
      },
      {
        "type": "text",
        "marker": "question",
        "icon": "help",
        "label": { "en": "How Many Loaves?" },
        "lines": [
          "His disciples answered,",
          "“Where in this remote place",
          "can anyone get enough bread to feed them?”",
          "“How many loaves do you have?” Jesus asked.",
          "“Seven,” they replied."
        ]
      },
      {
        "type": "text",
        "marker": "provision",
        "icon": "restaurant",
        "label": { "en": "He Gave Thanks" },
        "lines": [
          "He told the crowd to sit down.",
          "He took the seven loaves and gave thanks.",
          "He broke them and gave them to his disciples",
          "to set before the people.",
          "They had a few small fish as well;",
          "he gave thanks for them also",
          "and told the disciples to distribute them."
        ]
      },
      {
        "type": "text",
        "marker": "abundance",
        "icon": "inventory",
        "label": { "en": "They Were Satisfied" },
        "lines": [
          "The people ate and were satisfied.",
          "Afterward the disciples picked up",
          "seven basketfuls of broken pieces that were left over.",
          "About four thousand men were present."
        ]
      }
    ]
  },
  "question": {
    "en": "What do you notice about Jesus’ compassion—and about what happens after he gives thanks?"
  },
  "further_reading": {
    "en": ["Mark 8:1–10"]
  }
}
