{
  "day": 45,
  "key": "day_45_pharisee_tax_collector",
  "version": 1,
  "updated_at": "2026-02-15",
  "title": {
    "en": "Two Men Who Went to Pray"
  },
  "intro": {
    "en": [
      "Jesus told this parable about prayer and humility.",
      "It contrasts two men who approached God very differently."
    ]
  },
  "blocks": {
    "en": [
      {
        "type": "text",
        "marker": "contrast",
        "icon": "compare",
        "label": { "en": "Two Men at the Temple" },
        "lines": [
          "Two men went up to the temple to pray,",
          "one a Pharisee",
          "and the other a tax collector."
        ]
      },
      {
        "type": "text",
        "marker": "pride",
        "icon": "person",
        "label": { "en": "The Pharisee’s Prayer" },
        "lines": [
          "The Pharisee stood and prayed about himself:",
          "‘God, I thank you that I am not like other men—",
          "robbers, evildoers, adulterers—",
          "or even like this tax collector.",
          "I fast twice a week",
          "and give a tenth of all I get.’"
        ]
      },
      {
        "type": "text",
        "marker": "humility",
        "icon": "self_improvement",
        "label": { "en": "The Tax Collector’s Prayer" },
        "lines": [
          "But the tax collector stood at a distance.",
          "He would not even look up to heaven,",
          "but beat his breast and said,",
          "‘God, have mercy on me, a sinner.’"
        ]
      },
      {
        "type": "text",
        "marker": "verdict",
        "icon": "gavel",
        "label": { "en": "Who Went Home Justified?" },
        "lines": [
          "I tell you that this man,",
          "rather than the other,",
          "went home justified before God.",
          "For everyone who exalts himself will be humbled,",
          "and he who humbles himself will be exalted."
        ]
      }
    ]
  },
  "question": {
    "en": "What do you notice about the difference between these two prayers—and why do you think one man went home justified before God?"
  },
  "further_reading": {
    "en": ["Luke 18:9–14"]
  }
}
