{
  "day": 41,
  "key": "day_41_jesus_forgives_and_heals",
  "version": 1,
  "updated_at": "2026-02-15",
  "title": {
    "en": "Jesus Forgives and Heals"
  },
  "intro": {
    "en": [
      "When Jesus returned to Capernaum, a large crowd gathered.",
      "A group of men brought their paralyzed friend to him."
    ]
  },
  "blocks": {
    "en": [
      {
        "type": "text",
        "marker": "faith",
        "icon": "home",
        "label": { "en": "Lowered Through the Roof" },
        "lines": [
          "Some men came, bringing a paralytic,",
          "carried by four of them.",
          "Since they could not get him to Jesus because of the crowd,",
          "they made an opening in the roof",
          "and lowered the mat the man was lying on.",
          "When Jesus saw their faith, he said to the paralytic,",
          "“Son, your sins are forgiven.”"
        ]
      },
      {
        "type": "text",
        "marker": "question",
        "icon": "help",
        "label": { "en": "Who Can Forgive Sins?" },
        "lines": [
          "Some teachers of the law were thinking to themselves,",
          "“Why does this fellow talk like that?",
          "He is blaspheming!",
          "Who can forgive sins but God alone?”"
        ]
      },
      {
        "type": "text",
        "marker": "authority",
        "icon": "verified",
        "label": { "en": "Authority on Earth" },
        "lines": [
          "Jesus knew what they were thinking and said,",
          "“Which is easier: to say,",
          "‘Your sins are forgiven,’",
          "or to say,",
          "‘Get up, take your mat and walk’?",
          "But that you may know",
          "that the Son of Man has authority on earth",
          "to forgive sins…”",
          "He said to the paralytic,",
          "“I tell you, get up, take your mat and go home.”"
        ]
      },
      {
        "type": "text",
        "marker": "result",
        "icon": "directions_walk",
        "label": { "en": "He Walked Out" },
        "lines": [
          "He got up, took his mat,",
          "and walked out in full view of them all.",
          "This amazed everyone and they praised God, saying,",
          "“We have never seen anything like this.”"
        ]
      }
    ]
  },
  "question": {
    "en": "Why do you think Jesus first says, 'Your sins are forgiven'—and what does this reveal about his authority?"
  },
  "further_reading": {
    "en": ["Mark 2:1–12"]
  }
}
