{
  "day": 44,
  "key": "day_44_rich_man_lazarus",
  "version": 1,
  "updated_at": "2026-02-15",
  "title": {
    "en": "The Rich Man and Lazarus"
  },
  "intro": {
    "en": [
      "Jesus told his disciples a story.",
      "It speaks about wealth, suffering, and what follows this life."
    ]
  },
  "blocks": {
    "en": [
      {
        "type": "text",
        "marker": "contrast",
        "icon": "compare",
        "label": { "en": "Two Lives" },
        "lines": [
          "There was a rich man who lived in luxury every day.",
          "At his gate was laid a beggar named Lazarus,",
          "covered with sores,",
          "longing to eat what fell from the rich man’s table."
        ]
      },
      {
        "type": "text",
        "marker": "afterlife",
        "icon": "schedule",
        "label": { "en": "After Death" },
        "lines": [
          "The time came when the beggar died,",
          "and the angels carried him to Abraham’s side.",
          "The rich man also died and was buried.",
          "In Hades, where he was in torment,",
          "he looked up and saw Abraham far away,",
          "with Lazarus by his side."
        ]
      },
      {
        "type": "text",
        "marker": "appeal",
        "icon": "help",
        "label": { "en": "Father Abraham, Have Pity on Me" },
        "lines": [
          "So he called to him,",
          "‘Father Abraham, have pity on me",
          "and send Lazarus",
          "to dip the tip of his finger in water",
          "and cool my tongue,",
          "because I am in agony in this fire.’"
        ]
      },
      {
        "type": "text",
        "marker": "chasm",
        "icon": "warning",
        "label": { "en": "A Great Chasm" },
        "lines": [
          "But Abraham replied,",
          "‘Son, remember that in your lifetime",
          "you received your good things,",
          "while Lazarus received bad things,",
          "but now he is comforted here",
          "and you are in agony.",
          "And besides all this,",
          "between us and you a great chasm has been fixed,",
          "so that those who want to go from here to you cannot,",
          "nor can anyone cross over from there to us.’"
        ]
      },

      {
        "type": "text",
        "marker": "prophets",
        "icon": "menu_book",
        "label": { "en": "Listen to Moses and the Prophets" },
        "lines": [
          "He answered,",
          "‘Then I beg you, father,",
          "send Lazarus to my father’s house,",
          "for I have five brothers.",
          "Let him warn them,",
          "so that they will not also come",
          "to this place of torment.’",
          "Abraham replied,",
          "‘They have Moses and the Prophets;",
          "let them listen to them.’",
          "‘No, father Abraham,’ he said,",
          "‘but if someone from the dead goes to them,",
          "they will repent.’",
          "He said to him,",
          "‘If they do not listen to Moses and the Prophets,",
          "they will not be convinced",
          "even if someone rises from the dead.’"
        ]
      }
    ]
  },

  "question": {
    "en": "What do you notice about the warning in this story—and about the importance of listening to Moses and the Prophets?"
  },
  "further_reading": {
    "en": ["Luke 16:19–31"]
  }
}
