{
  "day": 1,
  "key": "core_01_creation",
  "version": 1,
  "updated_at": "2026-02-17",
  "title": {
    "en": "God Speaks and the World Begins"
  },
  "intro": {
    "en": [
      "God creates by speaking—without struggle or rival.",
      "The world begins with God’s purposeful word."
    ]
  },
  "blocks": {
    "en": [
      {
        "type": "text",
        "marker": "beginning",
        "icon": "public",
        "label": {
          "en": "In the Beginning"
        },
        "lines": [
          "God created the heavens and the earth.",
          "Darkness covered the deep waters.",
          "God’s Spirit moved over the waters.",
          "God said, “Let there be light,” and there was light."
        ]
      },
      {
        "type": "text",
        "marker": "good",
        "icon": "verified",
        "label": {
          "en": "Good and Ordered"
        },
        "lines": [
          "God separated light from darkness.",
          "God named day and night.",
          "God formed the world with order and purpose."
        ]
      }
    ]
  },
  "question": {
    "en": "What do you notice about God in the way He creates?"
  },
  "further_reading": {
    "en": [
      "Genesis 1:1–5",
      "Psalm 33:6–9"
    ]
  }
}