{
  "day": 11,
  "key": "core_11_burning_bush",
  "version": 1,
  "updated_at": "2026-02-17",
  "title": {
    "en": "Moses: God Hears and Comes Down"
  },
  "intro": {
    "en": [
      "God sees suffering and hears cries.",
      "God sends a deliverer and reveals His name."
    ]
  },
  "blocks": {
    "en": [
      {
        "type": "text",
        "marker": "holy",
        "icon": "local_fire_department",
        "label": {
          "en": "Holy Ground"
        },
        "lines": [
          "Moses saw a bush burning without being consumed.",
          "God called him and told him to remove his sandals."
        ]
      },
      {
        "type": "text",
        "marker": "name",
        "icon": "badge",
        "label": {
          "en": "God’s Name"
        },
        "lines": [
          "God revealed His name and His faithfulness to His people."
        ]
      },
      {
        "type": "text",
        "marker": "mission",
        "icon": "send",
        "label": {
          "en": "Sent to Rescue"
        },
        "lines": [
          "God sent Moses to lead the people out of slavery."
        ]
      }
    ]
  },
  "question": {
    "en": "What do you learn about God from the way He speaks to Moses?"
  },
  "further_reading": {
    "en": [
      "Exodus 3"
    ]
  }
}