{
  "day": 17,
  "key": "core_17_failure",
  "version": 1,
  "updated_at": "2026-02-17",
  "title": {
    "en": "When Kings Fail"
  },
  "intro": {
    "en": [
      "Even the best leaders are limited and flawed.",
      "Human hearts need more than external rule."
    ]
  },
  "blocks": {
    "en": [
      {
        "type": "text",
        "marker": "warning",
        "icon": "report",
        "label": {
          "en": "A Turning Away"
        },
        "lines": [
          "Israel’s leaders often turned from God’s ways.",
          "Their choices harmed the people."
        ]
      },
      {
        "type": "text",
        "marker": "need",
        "icon": "help",
        "label": {
          "en": "A Deeper Problem"
        },
        "lines": [
          "The story shows that the problem is not only ‘out there’—it is in the human heart."
        ]
      }
    ]
  },
  "question": {
    "en": "What does repeated failure teach us about what people truly need?"
  },
  "further_reading": {
    "en": [
      "1 Kings 11 (selected)",
      "Jeremiah 17:9"
    ]
  }
}