{
  "day": 30,
  "key": "core_30_invitation",
  "version": 1,
  "updated_at": "2026-02-17",
  "title": {
    "en": "An Invitation to Believe"
  },
  "intro": {
    "en": [
      "The goal is not information only, but trust.",
      "John writes so readers may believe and find life."
    ]
  },
  "blocks": {
    "en": [
      {
        "type": "text",
        "marker": "signs",
        "icon": "auto_awesome",
        "label": {
          "en": "Signs Point Somewhere"
        },
        "lines": [
          "Jesus did many signs that are not all recorded."
        ]
      },
      {
        "type": "text",
        "marker": "life",
        "icon": "favorite",
        "label": {
          "en": "Life in His Name"
        },
        "lines": [
          "These are written so you may believe and have life in His name."
        ]
      }
    ]
  },
  "question": {
    "en": "What would it look like for you to respond to Jesus with honest trust?"
  },
  "further_reading": {
    "en": [
      "John 20:30–31",
      "John 3:16–17"
    ]
  }
}