{
  "day": 16,
  "key": "core_16_david_promise",
  "version": 1,
  "updated_at": "2026-02-17",
  "title": {
    "en": "David: A King and an Eternal Promise"
  },
  "intro": {
    "en": [
      "God promises a lasting kingdom.",
      "The hope is bigger than any single human king."
    ]
  },
  "blocks": {
    "en": [
      {
        "type": "text",
        "marker": "king",
        "icon": "emoji_events",
        "label": {
          "en": "A Promise to David"
        },
        "lines": [
          "God promised David a ‘house’—a lasting line of kings.",
          "God spoke of a kingdom that would endure."
        ]
      },
      {
        "type": "text",
        "marker": "hope",
        "icon": "infinity",
        "label": {
          "en": "Beyond One Lifetime"
        },
        "lines": [
          "The promise points forward to a greater ruler to come."
        ]
      }
    ]
  },
  "question": {
    "en": "What kind of king would be needed for an eternal kingdom?"
  },
  "further_reading": {
    "en": [
      "2 Samuel 7:8–16",
      "Psalm 89:3–4"
    ]
  }
}