{
  "day": 12,
  "key": "core_12_passover",
  "version": 1,
  "updated_at": "2026-02-17",
  "title": {
    "en": "Passover: Rescue Through the Blood of a Lamb"
  },
  "intro": {
    "en": [
      "God rescues His people from slavery.",
      "A lamb’s blood becomes a sign of protection."
    ]
  },
  "blocks": {
    "en": [
      {
        "type": "text",
        "marker": "lamb",
        "icon": "pets",
        "label": {
          "en": "A Lamb Without Defect"
        },
        "lines": [
          "Each household was to take a lamb—without defect.",
          "The lamb was sacrificed and eaten as a family meal."
        ]
      },
      {
        "type": "text",
        "marker": "blood",
        "icon": "opacity",
        "label": {
          "en": "A Mark of Protection"
        },
        "lines": [
          "The blood was placed as a sign on the home.",
          "Judgment passed over where the sign was present."
        ]
      }
    ]
  },
  "question": {
    "en": "Why do you think God chose a lamb and a sign of blood for this rescue?"
  },
  "further_reading": {
    "en": [
      "Exodus 12:1–13"
    ]
  }
}